deploy/systemd/huangque-content.service.d/formal-delivery.conf	/etc/systemd/system/huangque-content.service.d/formal-delivery.conf
server/admin_api.py	/home/ubuntu/content-api/admin_api.py
server/content_domains/core.py	/home/ubuntu/content-api/content_domains/core.py
server/content_domains/pricing.py	/home/ubuntu/content-api/content_domains/pricing.py
server/content_domains/short_drama.py	/home/ubuntu/content-api/content_domains/short_drama.py
server/content_domains/short_drama_asset_graph.py	/home/ubuntu/content-api/content_domains/short_drama_asset_graph.py
server/content_domains/short_drama_autodraft.py	/home/ubuntu/content-api/content_domains/short_drama_autodraft.py
server/content_domains/short_drama_formal_renderer.py	/home/ubuntu/content-api/content_domains/short_drama_formal_renderer.py
server/content_domains/short_drama_native_audio.py	/home/ubuntu/content-api/content_domains/short_drama_native_audio.py
server/content_domains/short_drama_refinement.py	/home/ubuntu/content-api/content_domains/short_drama_refinement.py
server/content_domains/video.py	/home/ubuntu/content-api/content_domains/video.py
server/content_domains/video_minimax_h3.py	/home/ubuntu/content-api/content_domains/video_minimax_h3.py
server/providers/short_drama_visual/base.py	/home/ubuntu/content-api/providers/short_drama_visual/base.py
server/providers/short_drama_visual/grok_xai.py	/home/ubuntu/content-api/providers/short_drama_visual/grok_xai.py
server/providers/short_drama_visual/heygen_cinematic.py	/home/ubuntu/content-api/providers/short_drama_visual/heygen_cinematic.py
server/providers/short_drama_visual/minimax_h3.py	/home/ubuntu/content-api/providers/short_drama_visual/minimax_h3.py
site/workbench/short-drama-workspace.css	/var/www/huangquechuanmei/workbench/short-drama-workspace.css
site/workbench/short-drama-workspace.js	/var/www/huangquechuanmei/workbench/short-drama-workspace.js
site/workbench/short-drama.html	/var/www/huangquechuanmei/workbench/short-drama.html
